lab_group,sp_code,run_order_unbc,sheet_name_unbc
1,BT,1,BT GR BB RB
1,GR,2,BT GR BB RB
1,BB,3,BT GR BB RB
1,RB,4,BT GR BB RB
2,DV,1,BTDV CH CO SK
2,CH,2,BTDV CH CO SK
2,CO,3,BTDV CH CO SK
2,SK,4,BTDV CH CO SK
3,DV,1,BTDV CO RB SK
3,CO,2,BTDV CO RB SK
3,RB,3,BTDV CO RB SK
3,SK,4,BTDV CO RB SK
4,BT,1,BT CH
4,CH,2,BT CH
5,BT,1,BT CH RB SK
5,CH,2,BT CH RB SK
5,RB,3,BT CH RB SK
5,SK,4,BT CH RB SK
6,CH,1,CH CO RB SK
6,CO,2,CH CO RB SK
6,RB,3,CH CO RB SK
6,SK,4,CH CO RB SK
8,BT,1,BT CH CO SK
8,CH,2,BT CH CO SK
8,CO,3,BT CH CO SK
8,SK,4,BT CH CO SK
9,BT,1,BT CH BB SK
9,CH,2,BT CH BB SK
9,BB,3,BT CH BB SK
9,SK,4,BT CH BB SK
10,BT,1,BT CH BB RB
10,CH,2,BT CH BB RB
10,BB,3,BT CH BB RB
10,RB,4,BT CH BB RB
11,BT,1,BT CH CO RB
11,CH,2,BT CH CO RB
11,CO,3,BT CH CO RB
11,RB,4,BT CH CO RB
12,BT,1,BT RB
12,RB,2,BT RB
13,BT,1,BT GR RB SK
13,GR,2,BT GR RB SK
13,RB,3,BT GR RB SK
13,SK,4,BT GR RB SK
14,BT,1,BT CO RB
14,CO,2,BT CO RB
14,RB,3,BT CO RB
